a035a2f3-5abb-11e4-bebc-54bef77155c5#c014d5af-59df-11e4-bebc-54bef77155c5;c014d5af-59df-11e4-bebc-54bef77155c5;46;Черный
a035a2f4-5abb-11e4-bebc-54bef77155c5#c014d5af-59df-11e4-bebc-54bef77155c5;c014d5af-59df-11e4-bebc-54bef77155c5;48;Черный
a035a2fd-5abb-11e4-bebc-54bef77155c5#886cdd7e-59d7-11e4-bebc-54bef77155c5;886cdd7e-59d7-11e4-bebc-54bef77155c5;56;Черный
a035a300-5abb-11e4-bebc-54bef77155c5#886cdd7e-59d7-11e4-bebc-54bef77155c5;886cdd7e-59d7-11e4-bebc-54bef77155c5;54;Горчичный
a035a302-5abb-11e4-bebc-54bef77155c5#886cdd7e-59d7-11e4-bebc-54bef77155c5;886cdd7e-59d7-11e4-bebc-54bef77155c5;50;Морская волна
a035a309-5abb-11e4-bebc-54bef77155c5#886cdd7e-59d7-11e4-bebc-54bef77155c5;886cdd7e-59d7-11e4-bebc-54bef77155c5;56;Сине-голубой
a668b11b-5abb-11e4-bebc-54bef77155c5#886cdd7e-59d7-11e4-bebc-54bef77155c5;886cdd7e-59d7-11e4-bebc-54bef77155c5;52;Сине-красный
a668b11c-5abb-11e4-bebc-54bef77155c5#886cdd7e-59d7-11e4-bebc-54bef77155c5;886cdd7e-59d7-11e4-bebc-54bef77155c5;54;Сине-красный
a668b125-5abb-11e4-bebc-54bef77155c5#fd5951a8-59d7-11e4-bebc-54bef77155c5;fd5951a8-59d7-11e4-bebc-54bef77155c5;56;Темно-синий
a668b137-5abb-11e4-bebc-54bef77155c5#ea08b35d-59d8-11e4-bebc-54bef77155c5;ea08b35d-59d8-11e4-bebc-54bef77155c5;46;Темно-серый
a668b138-5abb-11e4-bebc-54bef77155c5#ea08b35d-59d8-11e4-bebc-54bef77155c5;ea08b35d-59d8-11e4-bebc-54bef77155c5;48;Темно-серый
a668b141-5abb-11e4-bebc-54bef77155c5#ea08b35d-59d8-11e4-bebc-54bef77155c5;ea08b35d-59d8-11e4-bebc-54bef77155c5;50;Темно-коричневый
5530723f-5aba-11e4-bebc-54bef77155c5#f452a7df-59d7-11e4-bebc-54bef77155c5;f452a7df-59d7-11e4-bebc-54bef77155c5;36;черно-бежевый
55307245-5aba-11e4-bebc-54bef77155c5#58a5cfba-59e1-11e4-bebc-54bef77155c5;58a5cfba-59e1-11e4-bebc-54bef77155c5;38;Розовый
55307248-5aba-11e4-bebc-54bef77155c5#58a5cfbb-59e1-11e4-bebc-54bef77155c5;58a5cfbb-59e1-11e4-bebc-54bef77155c5;40;Белый
5530724e-5aba-11e4-bebc-54bef77155c5#8d557c47-59d9-11e4-bebc-54bef77155c5;8d557c47-59d9-11e4-bebc-54bef77155c5;38;Белый
55307254-5aba-11e4-bebc-54bef77155c5#b9a2f228-59e1-11e4-bebc-54bef77155c5;b9a2f228-59e1-11e4-bebc-54bef77155c5;50;Бежевый
55307256-5aba-11e4-bebc-54bef77155c5#f452a7e2-59d7-11e4-bebc-54bef77155c5;f452a7e2-59d7-11e4-bebc-54bef77155c5;42;Бирюзовый
5530726b-5aba-11e4-bebc-54bef77155c5#886cdd65-59d7-11e4-bebc-54bef77155c5;886cdd65-59d7-11e4-bebc-54bef77155c5;48;Микс
5530726d-5aba-11e4-bebc-54bef77155c5#886cdd65-59d7-11e4-bebc-54bef77155c5;886cdd65-59d7-11e4-bebc-54bef77155c5;52;Микс
55307270-5aba-11e4-bebc-54bef77155c5#886cdd66-59d7-11e4-bebc-54bef77155c5;886cdd66-59d7-11e4-bebc-54bef77155c5;46;Микс
55307276-5aba-11e4-bebc-54bef77155c5#325ed32b-59c5-11e4-bebc-54bef77155c5;325ed32b-59c5-11e4-bebc-54bef77155c5;128;Темно-синий
55307287-5aba-11e4-bebc-54bef77155c5#325ed32c-59c5-11e4-bebc-54bef77155c5;325ed32c-59c5-11e4-bebc-54bef77155c5;146;Темно-синий
5530728d-5aba-11e4-bebc-54bef77155c5#325ed32c-59c5-11e4-bebc-54bef77155c5;325ed32c-59c5-11e4-bebc-54bef77155c5;140;Черный
55307294-5aba-11e4-bebc-54bef77155c5#325ed32d-59c5-11e4-bebc-54bef77155c5;325ed32d-59c5-11e4-bebc-54bef77155c5;140;Темно-синий
553072a1-5aba-11e4-bebc-54bef77155c5#886cdd67-59d7-11e4-bebc-54bef77155c5;886cdd67-59d7-11e4-bebc-54bef77155c5;48;Голубой
699eaa73-5abb-11e4-bebc-54bef77155c5#f681c651-59d5-11e4-bebc-54bef77155c5;f681c651-59d5-11e4-bebc-54bef77155c5;50;Цветной
699eaa8c-5abb-11e4-bebc-54bef77155c5#f681c652-59d5-11e4-bebc-54bef77155c5;f681c652-59d5-11e4-bebc-54bef77155c5;48;Черный
699eaa8e-5abb-11e4-bebc-54bef77155c5#f681c652-59d5-11e4-bebc-54bef77155c5;f681c652-59d5-11e4-bebc-54bef77155c5;52;Черный
b2e7e98d-5abb-11e4-bebc-54bef77155c5#363016ef-59d6-11e4-bebc-54bef77155c5;363016ef-59d6-11e4-bebc-54bef77155c5;34;Коралловый
b2e7e992-5abb-11e4-bebc-54bef77155c5#363016ef-59d6-11e4-bebc-54bef77155c5;363016ef-59d6-11e4-bebc-54bef77155c5;36;Черный
b2e7e999-5abb-11e4-bebc-54bef77155c5#886cdd82-59d7-11e4-bebc-54bef77155c5;886cdd82-59d7-11e4-bebc-54bef77155c5;34;Зеленый
b2e7e9a2-5abb-11e4-bebc-54bef77155c5#886cdd82-59d7-11e4-bebc-54bef77155c5;886cdd82-59d7-11e4-bebc-54bef77155c5;36;Коралловый
b2e7e9ab-5abb-11e4-bebc-54bef77155c5#363016f1-59d6-11e4-bebc-54bef77155c5;363016f1-59d6-11e4-bebc-54bef77155c5;38;сиреневый
b2e7e9b0-5abb-11e4-bebc-54bef77155c5#0d3d1182-59d7-11e4-bebc-54bef77155c5;0d3d1182-59d7-11e4-bebc-54bef77155c5;46;Бирюзовый
b2e7e9b9-5abb-11e4-bebc-54bef77155c5#886cdd83-59d7-11e4-bebc-54bef77155c5;886cdd83-59d7-11e4-bebc-54bef77155c5;36;Черный
b2e7e9be-5abb-11e4-bebc-54bef77155c5#363016f2-59d6-11e4-bebc-54bef77155c5;363016f2-59d6-11e4-bebc-54bef77155c5;38;Какао
b2e7e9c7-5abb-11e4-bebc-54bef77155c5#3f2fcfa6-59d2-11e4-bebc-54bef77155c5;3f2fcfa6-59d2-11e4-bebc-54bef77155c5;46;Черный
b2e7e9d0-5abb-11e4-bebc-54bef77155c5#c014d5b0-59df-11e4-bebc-54bef77155c5;c014d5b0-59df-11e4-bebc-54bef77155c5;36;Темно-бежевый
b2e7e9d4-5abb-11e4-bebc-54bef77155c5#cb20c6f5-59e6-11e4-bebc-54bef77155c5;cb20c6f5-59e6-11e4-bebc-54bef77155c5;42;Белый
b2e7e9dd-5abb-11e4-bebc-54bef77155c5#cb20c6f5-59e6-11e4-bebc-54bef77155c5;cb20c6f5-59e6-11e4-bebc-54bef77155c5;50;Черный
b2e7e9e2-5abb-11e4-bebc-54bef77155c5#0d3d1183-59d7-11e4-bebc-54bef77155c5;0d3d1183-59d7-11e4-bebc-54bef77155c5;50;Черный
b2e7e9eb-5abb-11e4-bebc-54bef77155c5#0d3d1184-59d7-11e4-bebc-54bef77155c5;0d3d1184-59d7-11e4-bebc-54bef77155c5;48;Бежевый
b2e7e9fd-5abb-11e4-bebc-54bef77155c5#c014d5b1-59df-11e4-bebc-54bef77155c5;c014d5b1-59df-11e4-bebc-54bef77155c5;44;Серый
b2e7ea07-5abb-11e4-bebc-54bef77155c5#22f87235-59ca-11e4-bebc-54bef77155c5;22f87235-59ca-11e4-bebc-54bef77155c5;140*160;<>
b2e7ea12-5abb-11e4-bebc-54bef77155c5#22f87238-59ca-11e4-bebc-54bef77155c5;22f87238-59ca-11e4-bebc-54bef77155c5;140*120;<>
699eaa93-5abb-11e4-bebc-54bef77155c5#76303291-59e6-11e4-bebc-54bef77155c5;76303291-59e6-11e4-bebc-54bef77155c5;50;Черный
699eaa95-5abb-11e4-bebc-54bef77155c5#325ed2fc-59c5-11e4-bebc-54bef77155c5;325ed2fc-59c5-11e4-bebc-54bef77155c5;116;Белый
699eaaac-5abb-11e4-bebc-54bef77155c5#325ed2fd-59c5-11e4-bebc-54bef77155c5;325ed2fd-59c5-11e4-bebc-54bef77155c5;140;Белый
699eaaae-5abb-11e4-bebc-54bef77155c5#325ed2fd-59c5-11e4-bebc-54bef77155c5;325ed2fd-59c5-11e4-bebc-54bef77155c5;152;Белый
699eaab5-5abb-11e4-bebc-54bef77155c5#325ed2fe-59c5-11e4-bebc-54bef77155c5;325ed2fe-59c5-11e4-bebc-54bef77155c5;116;Белый
699eaab7-5abb-11e4-bebc-54bef77155c5#325ed2fe-59c5-11e4-bebc-54bef77155c5;325ed2fe-59c5-11e4-bebc-54bef77155c5;128;Белый
699eaace-5abb-11e4-bebc-54bef77155c5#51c4908b-59e0-11e4-bebc-54bef77155c5;51c4908b-59e0-11e4-bebc-54bef77155c5;50;Коралловый
699eaad0-5abb-11e4-bebc-54bef77155c5#51c4908b-59e0-11e4-bebc-54bef77155c5;51c4908b-59e0-11e4-bebc-54bef77155c5;42;Салатовый
699eaad5-5abb-11e4-bebc-54bef77155c5#51c4908b-59e0-11e4-bebc-54bef77155c5;51c4908b-59e0-11e4-bebc-54bef77155c5;52;Салатовый
699eaad7-5abb-11e4-bebc-54bef77155c5#51c4908c-59e0-11e4-bebc-54bef77155c5;51c4908c-59e0-11e4-bebc-54bef77155c5;44;Бежевый
699eaae2-5abb-11e4-bebc-54bef77155c5#325ed301-59c5-11e4-bebc-54bef77155c5;325ed301-59c5-11e4-bebc-54bef77155c5;152;Белый
699eaaf0-5abb-11e4-bebc-54bef77155c5#325ed303-59c5-11e4-bebc-54bef77155c5;325ed303-59c5-11e4-bebc-54bef77155c5;116;Белый
699eaaf7-5abb-11e4-bebc-54bef77155c5#325ed304-59c5-11e4-bebc-54bef77155c5;325ed304-59c5-11e4-bebc-54bef77155c5;116;Белый
699eaaf9-5abb-11e4-bebc-54bef77155c5#325ed304-59c5-11e4-bebc-54bef77155c5;325ed304-59c5-11e4-bebc-54bef77155c5;128;Белый
699eab0e-5abb-11e4-bebc-54bef77155c5#325ed306-59c5-11e4-bebc-54bef77155c5;325ed306-59c5-11e4-bebc-54bef77155c5;134;Белый
699eab17-5abb-11e4-bebc-54bef77155c5#325ed307-59c5-11e4-bebc-54bef77155c5;325ed307-59c5-11e4-bebc-54bef77155c5;146;Белый
699eab20-5abb-11e4-bebc-54bef77155c5#e0fcd952-59c7-11e4-bebc-54bef77155c5;e0fcd952-59c7-11e4-bebc-54bef77155c5;116;Черный
b2e7ea19-5abb-11e4-bebc-54bef77155c5#d10293c0-59c8-11e4-bebc-54bef77155c5;d10293c0-59c8-11e4-bebc-54bef77155c5;Универсальный;<>
b2e7ea20-5abb-11e4-bebc-54bef77155c5#d10293f7-59c8-11e4-bebc-54bef77155c5;d10293f7-59c8-11e4-bebc-54bef77155c5;35*40;<>
b2e7ea27-5abb-11e4-bebc-54bef77155c5#d10293e6-59c8-11e4-bebc-54bef77155c5;d10293e6-59c8-11e4-bebc-54bef77155c5;Универсальный;<>
b985f3d6-5abb-11e4-bebc-54bef77155c5#20472f62-59d9-11e4-bebc-54bef77155c5;20472f62-59d9-11e4-bebc-54bef77155c5;L (48-50);Слива
b985f3e3-5abb-11e4-bebc-54bef77155c5#fd5951ac-59d7-11e4-bebc-54bef77155c5;fd5951ac-59d7-11e4-bebc-54bef77155c5;42-44;Малиновый
b985f3e4-5abb-11e4-bebc-54bef77155c5#fd5951ac-59d7-11e4-bebc-54bef77155c5;fd5951ac-59d7-11e4-bebc-54bef77155c5;44-46;Малиновый
b985f3ed-5abb-11e4-bebc-54bef77155c5#22f87239-59ca-11e4-bebc-54bef77155c5;22f87239-59ca-11e4-bebc-54bef77155c5;140*140;<>
b985f3fa-5abb-11e4-bebc-54bef77155c5#d10293cd-59c8-11e4-bebc-54bef77155c5;d10293cd-59c8-11e4-bebc-54bef77155c5;40*40;<>
b985f40e-5abb-11e4-bebc-54bef77155c5#d10293d0-59c8-11e4-bebc-54bef77155c5;d10293d0-59c8-11e4-bebc-54bef77155c5;40*40;<>
b985f415-5abb-11e4-bebc-54bef77155c5#d10293ee-59c8-11e4-bebc-54bef77155c5;d10293ee-59c8-11e4-bebc-54bef77155c5;Универсальный;<>
b985f421-5abb-11e4-bebc-54bef77155c5#fd5951ad-59d7-11e4-bebc-54bef77155c5;fd5951ad-59d7-11e4-bebc-54bef77155c5;46;Сине-розовый
b985f428-5abb-11e4-bebc-54bef77155c5#3f2fcfa9-59d2-11e4-bebc-54bef77155c5;3f2fcfa9-59d2-11e4-bebc-54bef77155c5;L;Розовый
b985f42e-5abb-11e4-bebc-54bef77155c5#3f2fcfa9-59d2-11e4-bebc-54bef77155c5;3f2fcfa9-59d2-11e4-bebc-54bef77155c5;L;Коричневый
b985f42f-5abb-11e4-bebc-54bef77155c5#3f2fcfa9-59d2-11e4-bebc-54bef77155c5;3f2fcfa9-59d2-11e4-bebc-54bef77155c5;XL;Коричневый
b985f441-5abb-11e4-bebc-54bef77155c5#3f2fcfaa-59d2-11e4-bebc-54bef77155c5;3f2fcfaa-59d2-11e4-bebc-54bef77155c5;M;Красный
b985f448-5abb-11e4-bebc-54bef77155c5#3f2fcfaa-59d2-11e4-bebc-54bef77155c5;3f2fcfaa-59d2-11e4-bebc-54bef77155c5;S;Молочный
b985f44f-5abb-11e4-bebc-54bef77155c5#3f2fcfaa-59d2-11e4-bebc-54bef77155c5;3f2fcfaa-59d2-11e4-bebc-54bef77155c5;XL;Черный
a668b1ca-5abb-11e4-bebc-54bef77155c5#08d8c2f3-59ea-11e4-bebc-54bef77155c5;08d8c2f3-59ea-11e4-bebc-54bef77155c5;36;Белый
a668b1d8-5abb-11e4-bebc-54bef77155c5#51c49097-59e0-11e4-bebc-54bef77155c5;51c49097-59e0-11e4-bebc-54bef77155c5;42;Зеленый
acce1425-5abb-11e4-bebc-54bef77155c5#51c49097-59e0-11e4-bebc-54bef77155c5;51c49097-59e0-11e4-bebc-54bef77155c5;36;Коралловый
acce142c-5abb-11e4-bebc-54bef77155c5#08d8c2f4-59ea-11e4-bebc-54bef77155c5;08d8c2f4-59ea-11e4-bebc-54bef77155c5;39;Белый
acce1431-5abb-11e4-bebc-54bef77155c5#08d8c2f5-59ea-11e4-bebc-54bef77155c5;08d8c2f5-59ea-11e4-bebc-54bef77155c5;39;Черный
acce143f-5abb-11e4-bebc-54bef77155c5#58a5cfca-59e1-11e4-bebc-54bef77155c5;58a5cfca-59e1-11e4-bebc-54bef77155c5;38;Голубой
acce1442-5abb-11e4-bebc-54bef77155c5#58a5cfca-59e1-11e4-bebc-54bef77155c5;58a5cfca-59e1-11e4-bebc-54bef77155c5;34;Бирюзовый
acce1450-5abb-11e4-bebc-54bef77155c5#58a5cfca-59e1-11e4-bebc-54bef77155c5;58a5cfca-59e1-11e4-bebc-54bef77155c5;42;Капучино
acce1453-5abb-11e4-bebc-54bef77155c5#58a5cfca-59e1-11e4-bebc-54bef77155c5;58a5cfca-59e1-11e4-bebc-54bef77155c5;38;Оранжевый
acce1456-5abb-11e4-bebc-54bef77155c5#58a5cfca-59e1-11e4-bebc-54bef77155c5;58a5cfca-59e1-11e4-bebc-54bef77155c5;34;Коралловый
acce1465-5abb-11e4-bebc-54bef77155c5#fd5951a9-59d7-11e4-bebc-54bef77155c5;fd5951a9-59d7-11e4-bebc-54bef77155c5;40;зеленый-фиолетовый
acce1470-5abb-11e4-bebc-54bef77155c5#fd5951a9-59d7-11e4-bebc-54bef77155c5;fd5951a9-59d7-11e4-bebc-54bef77155c5;38;Розово-голубой
acce1485-5abb-11e4-bebc-54bef77155c5#58a5cfcb-59e1-11e4-bebc-54bef77155c5;58a5cfcb-59e1-11e4-bebc-54bef77155c5;40;Желтый
acce148d-5abb-11e4-bebc-54bef77155c5#d10293d5-59c8-11e4-bebc-54bef77155c5;d10293d5-59c8-11e4-bebc-54bef77155c5;40*40;<>
acce1498-5abb-11e4-bebc-54bef77155c5#58a5cfcd-59e1-11e4-bebc-54bef77155c5;58a5cfcd-59e1-11e4-bebc-54bef77155c5;42;Персиковый
acce149e-5abb-11e4-bebc-54bef77155c5#d10293d7-59c8-11e4-bebc-54bef77155c5;d10293d7-59c8-11e4-bebc-54bef77155c5;40*40;<>
acce14a7-5abb-11e4-bebc-54bef77155c5#58a5cfcf-59e1-11e4-bebc-54bef77155c5;58a5cfcf-59e1-11e4-bebc-54bef77155c5;38;Оранжевый
c7e8d64f-5abb-11e4-bebc-54bef77155c5#9105b535-59d7-11e4-bebc-54bef77155c5;9105b535-59d7-11e4-bebc-54bef77155c5;XXL;Микс
c7e8d658-5abb-11e4-bebc-54bef77155c5#1c0ed04b-59ce-11e4-bebc-54bef77155c5;1c0ed04b-59ce-11e4-bebc-54bef77155c5;54;Красный
c7e8d65e-5abb-11e4-bebc-54bef77155c5#1c0ed04b-59ce-11e4-bebc-54bef77155c5;1c0ed04b-59ce-11e4-bebc-54bef77155c5;54;Синий
